libro,termino,frecuencia
The Eyes Have It,quite,3
The Eyes Have It,accident,1
The Eyes Have It,discovered,1
The Eyes Have It,incredible,3
The Eyes Have It,invasion,1
The Eyes Have It,earth,3
The Eyes Have It,lifeforms,1
The Eyes Have It,planet,1
The Eyes Have It,haven't,1
The Eyes Have It,wrote,1
The Eyes Have It,government,1
The Eyes Have It,sent,1
The Eyes Have It,pamphlet,1
The Eyes Have It,repair,1
The Eyes Have It,maintenance,1
The Eyes Have It,frame,1
The Eyes Have It,houses,1
The Eyes Have It,known,1
The Eyes Have It,discover,1
The Eyes Have It,control,1
The Eyes Have It,sitting,1
The Eyes Have It,easy,1
The Eyes Have It,chair,2
The Eyes Have It,idly,1
The Eyes Have It,turning,1
The Eyes Have It,pages,1
The Eyes Have It,paperbacked,1
The Eyes Have It,bus,1
The Eyes Have It,reference,3
The Eyes Have It,trail,1
The Eyes Have It,moment,1
The Eyes Have It,respond,1
The Eyes Have It,took,2
The Eyes Have It,import,1
The Eyes Have It,sink,1
The Eyes Have It,i'd,1
The Eyes Have It,comprehended,1
The Eyes Have It,odd,1
The Eyes Have It,hadn't,1
The Eyes Have It,noticed,1
The Eyes Have It,away,2
The Eyes Have It,clearly,2
The Eyes Have It,nonhuman,1
The Eyes Have It,species,3
The Eyes Have It,properties,1
The Eyes Have It,indigenous,1
The Eyes Have It,hasten,1
The Eyes Have It,point,2
The Eyes Have It,customarily,1
The Eyes Have It,masquerading,1
The Eyes Have It,ordinary,2
The Eyes Have It,human,1
The Eyes Have It,beings,3
The Eyes Have It,disguise,1
The Eyes Have It,transparent,1
The Eyes Have It,face,2
The Eyes Have It,following,2
The Eyes Have It,observations,1
The Eyes Have It,obvious,1
The Eyes Have It,knew,2
The Eyes Have It,taking,2
The Eyes Have It,stride,2
The Eyes Have It,line,1
The Eyes Have It,tremble,1
The Eyes Have It,remembering,1
The Eyes Have It,eyes,9
The Eyes Have It,slowly,2
The Eyes Have It,roved,1
The Eyes Have It,vague,1
The Eyes Have It,chills,1
The Eyes Have It,assailed,1
The Eyes Have It,tried,1
The Eyes Have It,picture,1
The Eyes Have It,did,2
The Eyes Have It,roll,1
The Eyes Have It,dimes,1
The Eyes Have It,passage,4
The Eyes Have It,indicated,1
The Eyes Have It,air,1
The Eyes Have It,surface,1
The Eyes Have It,rapidly,1
The Eyes Have It,apparently,1
The Eyes Have It,surprised,1
The Eyes Have It,tipped,1
The Eyes Have It,sign,1
The Eyes Have It,amazement,1
The Eyes Have It,outrageous,1
The Eyes Have It,later,1
The Eyes Have It,matter,2
The Eyes Have It,amplified,1
The Eyes Have It,moved,1
The Eyes Have It,nutshell,1
The Eyes Have It,apart,1
The Eyes Have It,rest,2
The Eyes Have It,heart,4
The Eyes Have It,pounded,1
The Eyes Have It,breath,1
The Eyes Have It,choked,1
The Eyes Have It,windpipe,1
The Eyes Have It,stumbled,2
The Eyes Have It,accidental,1
The Eyes Have It,mention,1
The Eyes Have It,totally,2
The Eyes Have It,unfamiliar,1
The Eyes Have It,race,2
The Eyes Have It,obviously,3
The Eyes Have It,non,2
The Eyes Have It,terrestrial,1
The Eyes Have It,characters,1
The Eyes Have It,perfectly,1
The Eyes Have It,natural,1
The Eyes Have It,suggested,1
The Eyes Have It,belonged,1
The Eyes Have It,slow,1
The Eyes Have It,suspicion,1
The Eyes Have It,burned,1
The Eyes Have It,mind,2
The Eyes Have It,easily,1
The Eyes Have It,evidently,1
The Eyes Have It,felt,1
The Eyes Have It,usual,2
The Eyes Have It,absolutely,2
The Eyes Have It,attempt,1
The Eyes Have It,conceal,1
The Eyes Have It,knowledge,3
The Eyes Have It,continued,2
The Eyes Have It,presently,2
The Eyes Have It,fastened,1
The Eyes Have It,julia,6
The Eyes Have It,lady,1
The Eyes Have It,breeding,1
The Eyes Have It,feel,1
The Eyes Have It,indignant,1
The Eyes Have It,described,2
The Eyes Have It,blushing,1
The Eyes Have It,knitting,1
The Eyes Have It,brows,1
The Eyes Have It,angrily,1
The Eyes Have It,sighed,1
The Eyes Have It,relief,1
The Eyes Have It,weren't,1
The Eyes Have It,terrestrials,1
The Eyes Have It,narrative,1
The Eyes Have It,continues,1
The Eyes Have It,calmly,1
The Eyes Have It,examined,1
The Eyes Have It,inch,1
The Eyes Have It,great,1
The Eyes Have It,scott,1
The Eyes Have It,girl,1
The Eyes Have It,turned,1
The Eyes Have It,stomped,1
The Eyes Have It,ended,1
The Eyes Have It,lay,1
The Eyes Have It,gasping,1
The Eyes Have It,horror,1
The Eyes Have It,wife,3
The Eyes Have It,family,1
The Eyes Have It,regarded,1
The Eyes Have It,wonder,1
The Eyes Have It,what's,1
The Eyes Have It,wrong,1
The Eyes Have It,dear,1
The Eyes Have It,run,1
The Eyes Have It,gasped,1
The Eyes Have It,leaped,2
The Eyes Have It,snatched,1
The Eyes Have It,hurried,1
The Eyes Have It,garage,2
The Eyes Have It,trembling,1
The Eyes Have It,revealing,1
The Eyes Have It,arm,4
The Eyes Have It,remove,1
The Eyes Have It,immediately,1
The Eyes Have It,smile,1
The Eyes Have It,fellow,1
The Eyes Have It,removed,1
The Eyes Have It,standing,1
The Eyes Have It,upright,1
The Eyes Have It,corner,1
The Eyes Have It,thrown,2
The Eyes Have It,care,2
The Eyes Have It,case,1
The Eyes Have It,meaning,1
The Eyes Have It,staring,1
The Eyes Have It,creatures,1
The Eyes Have It,capable,1
The Eyes Have It,removing,1
The Eyes Have It,portions,1
The Eyes Have It,anatomy,2
The Eyes Have It,arms,2
The Eyes Have It,batting,1
The Eyes Have It,eyelash,1
The Eyes Have It,biology,1
The Eyes Have It,handy,1
The Eyes Have It,simple,1
The Eyes Have It,uni,1
The Eyes Have It,cellular,1
The Eyes Have It,sort,1
The Eyes Have It,primitive,1
The Eyes Have It,single,1
The Eyes Have It,celled,1
The Eyes Have It,developed,1
The Eyes Have It,starfish,2
The Eyes Have It,know,1
The Eyes Have It,revelation,1
The Eyes Have It,tossed,1
The Eyes Have It,coolly,1
The Eyes Have It,faintest,1
The Eyes Have It,tremor,1
The Eyes Have It,outside,1
The Eyes Have It,movie,1
The Eyes Have It,theater,1
The Eyes Have It,split,1
The Eyes Have It,inside,2
The Eyes Have It,cafe,2
The Eyes Have It,dinner,1
The Eyes Have It,binary,1
The Eyes Have It,fission,1
The Eyes Have It,splitting,1
The Eyes Have It,half,2
The Eyes Have It,forming,1
The Eyes Have It,entities,1
The Eyes Have It,probably,1
The Eyes Have It,lower,1
The Eyes Have It,farther,1
The Eyes Have It,upper,1
The Eyes Have It,halves,1
The Eyes Have It,movies,1
The Eyes Have It,hands,1
The Eyes Have It,shaking,1
The Eyes Have It,reeled,1
The Eyes Have It,afraid,1
The Eyes Have It,doubt,2
The Eyes Have It,poor,1
The Eyes Have It,bibney,2
The Eyes Have It,lost,1
The Eyes Have It,head,1
The Eyes Have It,followed,2
The Eyes Have It,bob,1
The Eyes Have It,utterly,1
The Eyes Have It,guts,1
The Eyes Have It,got,1
The Eyes Have It,just,1
The Eyes Have It,strange,1
The Eyes Have It,soon,1
The Eyes Have It,lacking,1
The Eyes Have It,brains,2
The Eyes Have It,normal,1
The Eyes Have It,reveals,1
The Eyes Have It,alien,1
The Eyes Have It,life,1
The Eyes Have It,form,1
The Eyes Have It,similar,1
The Eyes Have It,deliberately,1
The Eyes Have It,given,1
The Eyes Have It,young,1
The Eyes Have It,relate,1
The Eyes Have It,final,1
The Eyes Have It,disposition,1
The Eyes Have It,organ,1
The Eyes Have It,evident,1
The Eyes Have It,gone,1
The Eyes Have It,living,1
The Eyes Have It,manner,1
The Eyes Have It,viscera,1
The Eyes Have It,dividing,1
The Eyes Have It,occasion,1
The Eyes Have It,demanded,1
The Eyes Have It,qualm,1
The Eyes Have It,gave,1
The Eyes Have It,hand,2
The Eyes Have It,sickened,1
The Eyes Have It,rascal,1
The Eyes Have It,shudder,1
The Eyes Have It,he's,1
The Eyes Have It,content,1
The Eyes Have It,wait,1
The Eyes Have It,start,1
The Eyes Have It,dismantling,1
The Eyes Have It,flushing,1
The Eyes Have It,crimson,1
The Eyes Have It,slammed,1
The Eyes Have It,shut,1
The Eyes Have It,feet,1
The Eyes Have It,escape,1
The Eyes Have It,carefree,1
The Eyes Have It,bits,1
The Eyes Have It,travels,1
The Eyes Have It,originally,1
The Eyes Have It,track,1
The Eyes Have It,way,1
The Eyes Have It,road,1
The Eyes Have It,meadow,1
The Eyes Have It,rushed,1
The Eyes Have It,warm,1
The Eyes Have It,house,1
The Eyes Have It,accursed,1
The Eyes Have It,children,1
The Eyes Have It,playing,1
The Eyes Have It,monopoly,1
The Eyes Have It,kitchen,1
The Eyes Have It,joined,1
The Eyes Have It,played,1
The Eyes Have It,frantic,1
The Eyes Have It,fervor,1
The Eyes Have It,brow,1
The Eyes Have It,feverish,1
The Eyes Have It,teeth,1
The Eyes Have It,chattering,1
The Eyes Have It,want,2
The Eyes Have It,hear,1
The Eyes Have It,let,2
The Eyes Have It,invade,1
The Eyes Have It,mixed,1
The Eyes Have It,stomach,1
Keep Out,daptine,3
Keep Out,secret,1
Keep Out,adaptine,1
Keep Out,called,1
Keep Out,got,1
Keep Out,shortened,1
Keep Out,let,1
Keep Out,adapt,1
Keep Out,explained,1
Keep Out,years,12
Keep Out,old,2
Keep Out,guess,1
Keep Out,young,1
Keep Out,understand,1
Keep Out,knew,1
Keep Out,lot,2
Keep Out,just,1
Keep Out,landed,1
Keep Out,mars,9
Keep Out,home,2
Keep Out,children,5
Keep Out,head,2
Keep Out,teacher,2
Keep Out,gone,1
Keep Out,glassite,3
Keep Out,dome,7
Keep Out,they'd,1
Keep Out,built,2
Keep Out,there'd,1
Keep Out,special,2
Keep Out,lecture,1
Keep Out,evening,2
Keep Out,important,1
Keep Out,attend,1
Keep Out,whys,1
Keep Out,wherefores,1
Keep Out,stood,1
Keep Out,wear,2
Keep Out,heated,1
Keep Out,space,4
Keep Out,suit,1
Keep Out,helmet,2
Keep Out,course,2
Keep Out,temperature,3
Keep Out,comfortable,2
Keep Out,freezing,1
Keep Out,cold,3
Keep Out,air,8
Keep Out,breathe,2
Keep Out,voice,1
Keep Out,radio,1
Keep Out,inside,3
Keep Out,planet,4
Keep Out,spend,3
Keep Out,rest,1
Keep Out,lives,2
Keep Out,martians,7
Keep Out,lived,1
Keep Out,earth,6
Keep Out,adults,1
Keep Out,end,1
Keep Out,allowed,2
Keep Out,increasingly,2
Keep Out,long,4
Keep Out,periods,2
Keep Out,outdoors,1
Keep Out,forth,2
Keep Out,make,1
Keep Out,homes,1
Keep Out,live,6
Keep Out,intermarry,1
Keep Out,breed,1
Keep Out,true,2
Keep Out,history,1
Keep Out,great,1
Keep Out,experiment,2
Keep Out,reached,1
Keep Out,uninhabited,1
Keep Out,intelligent,1
Keep Out,life,2
Keep Out,plenty,1
Keep Out,plant,1
Keep Out,varieties,1
Keep Out,non,1
Keep Out,flying,1
Keep Out,insects,1
Keep Out,terrestrial,1
Keep Out,standards,1
Keep Out,uninhabitable,1
Keep Out,survive,2
Keep Out,living,2
Keep Out,domes,2
Keep Out,wearing,1
Keep Out,suits,1
Keep Out,outside,2
Keep Out,warmer,1
Keep Out,seasons,1
Keep Out,exposure,1
Keep Out,sunlight,1
Keep Out,filtered,1
Keep Out,rays,1
Keep Out,harmful,1
Keep Out,lesser,1
Keep Out,atmosphere,1
Keep Out,kill,4
Keep Out,plants,2
Keep Out,chemically,1
Keep Out,alien,1
Keep Out,eat,1
Keep Out,bring,1
Keep Out,food,3
Keep Out,grow,1
Keep Out,hydroponic,1
Keep Out,tanks,1
Keep Out,tried,1
Keep Out,colonize,2
Keep Out,efforts,1
Keep Out,failed,1
Keep Out,outpost,1
Keep Out,smaller,1
Keep Out,mile,1
Keep Out,away,1
Keep Out,mankind,1
Keep Out,spread,1
Keep Out,planets,1
Keep Out,solar,1
Keep Out,inhospitable,1
Keep Out,use,1
Keep Out,trying,1
Keep Out,thirty,1
Keep Out,ago,2
Keep Out,brilliant,1
Keep Out,biochemist,1
Keep Out,named,1
Keep Out,waymoth,2
Keep Out,discovered,1
Keep Out,miracle,1
Keep Out,drug,1
Keep Out,worked,1
Keep Out,animal,2
Keep Out,given,1
Keep Out,progeny,3
Keep Out,conceived,1
Keep Out,limited,1
Keep Out,period,1
Keep Out,inoculation,1
Keep Out,gave,1
Keep Out,limitless,1
Keep Out,adaptability,1
Keep Out,changing,3
Keep Out,conditions,7
Keep Out,provided,1
Keep Out,changes,1
Keep Out,gradually,5
Keep Out,inoculated,1
Keep Out,mated,1
Keep Out,pair,1
Keep Out,guinea,2
Keep Out,pigs,2
Keep Out,borne,1
Keep Out,litter,2
Keep Out,placing,1
Keep Out,member,1
Keep Out,different,1
Keep Out,obtained,1
Keep Out,amazing,1
Keep Out,results,1
Keep Out,attained,1
Keep Out,maturity,2
Keep Out,comfortably,1
Keep Out,zero,1
Keep Out,fahrenheit,1
Keep Out,quite,1
Keep Out,happy,1
Keep Out,thriving,1
Keep Out,diet,1
Keep Out,deadly,1
Keep Out,poison,1
Keep Out,ordinary,2
Keep Out,fourth,1
Keep Out,contented,1
Keep Out,constant,1
Keep Out,ray,1
Keep Out,bombardment,1
Keep Out,killed,1
Keep Out,parents,2
Keep Out,minutes,1
Keep Out,subsequent,1
Keep Out,experiments,1
Keep Out,litters,1
Keep Out,showed,1
Keep Out,animals,1
Keep Out,adapted,1
Keep Out,similar,1
Keep Out,bred,1
Keep Out,conditioned,1
Keep Out,birth,2
Keep Out,later,1
Keep Out,born,3
Keep Out,carefully,2
Keep Out,selected,1
Keep Out,volunteered,1
Keep Out,brought,1
Keep Out,controlled,1
Keep Out,breathed,1
Keep Out,thinned,1
Keep Out,oxygen,1
Keep Out,content,1
Keep Out,reduced,1
Keep Out,lungs,1
Keep Out,compensated,1
Keep Out,greater,2
Keep Out,capacity,1
Keep Out,chests,1
Keep Out,larger,1
Keep Out,teachers,4
Keep Out,attendants,2
Keep Out,fully,1
Keep Out,mature,1
Keep Out,breathing,1
Keep Out,difference,1
Keep Out,bodies,2
Keep Out,growing,1
Keep Out,fur,1
Keep Out,enable,1
Keep Out,stand,1
Keep Out,increasing,1
Keep Out,people,1
Keep Out,quickly,1
Keep Out,nurses,1
Keep Out,protection,1
Keep Out,normal,2
Keep Out,completely,1
Keep Out,acclimated,1
Keep Out,extremes,1
Keep Out,easy,2
Keep Out,endure,1
Keep Out,median,1
Keep Out,temperatures,1
Keep Out,pleasant,1
Keep Out,spent,1
Keep Out,decreased,1
Keep Out,gravitational,1
Keep Out,pull,1
Keep Out,gravity,1
Keep Out,populate,1
Keep Out,known,1
Keep Out,year,1
Keep Out,best,1
Keep Out,pressurized,1
Keep Out,parts,1
Keep Out,good,1
Keep Out,open,1
Keep Out,months,1
Keep Out,relaxed,1
Keep Out,segregation,1
Keep Out,sexes,1
Keep Out,begin,1
Keep Out,choosing,2
Keep Out,mates,1
Keep Out,marriage,1
Keep Out,final,3
Keep Out,clearance,1
Keep Out,difficult,1
Keep Out,case,1
Keep Out,choice,1
Keep Out,i'd,1
Keep Out,felt,2
Keep Out,sure,1
Keep Out,way,1
Keep Out,tomorrow,5
Keep Out,freedom,1
Keep Out,shall,3
Keep Out,impatient,2
Keep Out,weeks,1
Keep Out,wiser,1
Keep Out,counsel,1
Keep Out,prevailed,1
Keep Out,waiting,1
Keep Out,waited,1
Keep Out,wait,1
Keep Out,signal,1
Keep Out,earthmen,3
Keep Out,suspect,1
Keep Out,dissimulated,1
Keep Out,know,2
Keep Out,hate,1
Keep Out,disgusting,1
Keep Out,hideous,1
Keep Out,ugly,1
Keep Out,misshapen,1
Keep Out,narrow,1
Keep Out,shouldered,1
Keep Out,tiny,1
Keep Out,chested,1
Keep Out,weak,1
Keep Out,sibilant,1
Keep Out,voices,1
Keep Out,need,1
Keep Out,amplification,1
Keep Out,carry,1
Keep Out,martian,1
Keep Out,white,1
Keep Out,pasty,1
Keep Out,hairless,1
Keep Out,skins,1
Keep Out,smash,2
Keep Out,die,1
Keep Out,punish,1
Keep Out,hide,1
Keep Out,hills,1
Keep Out,they'll,1
Keep Out,try,1
Keep Out,build,1
Keep Out,we'll,1
Keep Out,want,2
Keep Out,aliens,1
Navy Day,general,9
Navy Day,wingrove,5
Navy Day,rows,3
Navy Day,faces,1
Navy Day,seeing,1
Navy Day,vision,1
Navy Day,congress,9
Navy Day,united,2
Navy Day,states,3
Navy Day,past,1
Navy Day,balmy,1
Navy Day,june,1
Navy Day,coming,1
Navy Day,army,13
Navy Day,destined,1
Navy Day,place,1
Navy Day,authority,1
Navy Day,drew,1
Navy Day,deep,1
Navy Day,breath,1
Navy Day,delivered,1
Navy Day,shortest,1
Navy Day,speech,3
Navy Day,heard,1
Navy Day,hallowed,1
Navy Day,halls,1
Navy Day,staff,1
Navy Day,requests,1
Navy Day,abolish,1
Navy Day,archaic,1
Navy Day,branch,1
Navy Day,armed,1
Navy Day,forces,1
Navy Day,known,1
Navy Day,navy,12
Navy Day,aging,1
Navy Day,senator,1
Navy Day,georgia,1
Navy Day,checked,1
Navy Day,hearing,1
Navy Day,aid,1
Navy Day,operating,1
Navy Day,order,1
Navy Day,press,1
Navy Day,box,2
Navy Day,emptied,1
Navy Day,concerted,1
Navy Day,rush,1
Navy Day,clatter,1
Navy Day,running,1
Navy Day,feet,2
Navy Day,died,1
Navy Day,direction,1
Navy Day,telephone,1
Navy Day,buzz,1
Navy Day,excited,1
Navy Day,comment,1
Navy Day,ran,1
Navy Day,giant,2
Navy Day,chamber,1
Navy Day,heads,1
Navy Day,turned,3
Navy Day,face,1
Navy Day,naval,4
Navy Day,section,2
Navy Day,blue,1
Navy Day,figures,1
Navy Day,stirred,1
Navy Day,buzzed,1
Navy Day,smoked,1
Navy Day,bees,1
Navy Day,knot,1
Navy Day,paunchy,1
Navy Day,figure,1
Navy Day,heavy,1
Navy Day,gold,1
Navy Day,braid,1
Navy Day,broke,1
Navy Day,admiral,6
Navy Day,fitzjames,2
Navy Day,climbed,1
Navy Day,slowly,2
Navy Day,lesser,2
Navy Day,quailed,1
Navy Day,piercing,1
Navy Day,stare,1
Navy Day,tossed,1
Navy Day,head,1
Navy Day,disgust,1
Navy Day,line,4
Navy Day,body,2
Navy Day,denoting,1
Navy Day,outraged,1
Navy Day,dignity,1
Navy Day,audience,3
Navy Day,small,1
Navy Day,pulse,1
Navy Day,beating,1
Navy Day,forehead,1
Navy Day,comprehend,1
Navy Day,general's,2
Navy Day,attitude,1
Navy Day,understand,2
Navy Day,attacked,1
Navy Day,unwarranted,1
Navy Day,fashion,1
Navy Day,existed,1
Navy Day,exist,1
Navy Day,barrier,1
Navy Day,american,1
Navy Day,defense,1
Navy Day,ask,1
Navy Day,gentlemen,5
Navy Day,ignore,2
Navy Day,request,3
Navy Day,statements,1
Navy Day,slightly,2
Navy Day,demented,1
Navy Day,offer,1
Navy Day,recommendation,1
Navy Day,sanity,1
Navy Day,investigated,1
Navy Day,inquiry,1
Navy Day,mental,1
Navy Day,health,1
Navy Day,connected,1
Navy Day,preposterous,1
Navy Day,proposal,1
Navy Day,smiled,1
Navy Day,calmly,1
Navy Day,blame,1
Navy Day,annoyed,1
Navy Day,let,1
Navy Day,bring,1
Navy Day,issue,1
Navy Day,national,1
Navy Day,importance,2
Navy Day,shallow,2
Navy Day,personal,1
Navy Day,level,1
Navy Day,facts,2
Navy Day,shall,1
Navy Day,demonstrated,1
Navy Day,tomorrow,1
Navy Day,morning,4
Navy Day,turning,1
Navy Day,raging,1
Navy Day,included,1
Navy Day,assembled,1
Navy Day,solons,1
Navy Day,sweeping,1
Navy Day,gesture,1
Navy Day,reserve,1
Navy Day,judgment,1
Navy Day,make,2
Navy Day,hasty,1
Navy Day,judgments,1
Navy Day,seen,1
Navy Day,force,1
Navy Day,argument,1
Navy Day,end,2
Navy Day,era,1
Navy Day,joins,1
Navy Day,fellow,1
Navy Day,fossils,1
Navy Day,dodo,1
Navy Day,brontosaurus,1
Navy Day,admiral's,2
Navy Day,blood,1
Navy Day,pressure,1
Navy Day,mounted,1
Navy Day,new,1
Navy Day,record,1
Navy Day,gentle,1
Navy Day,thud,1
Navy Day,unconscious,1
Navy Day,striking,1
Navy Day,floor,1
Navy Day,sound,1
Navy Day,break,1
Navy Day,shocked,1
Navy Day,silence,3
Navy Day,hall,2
Navy Day,early,1
Navy Day,sun,1
Navy Day,warmed,1
Navy Day,white,1
Navy Day,marble,2
Navy Day,jefferson,1
Navy Day,memorial,1
Navy Day,glinted,1
Navy Day,soldiers,3
Navy Day,helmets,1
Navy Day,roofs,1
Navy Day,packed,1
Navy Day,cars,3
Navy Day,crowded,1
Navy Day,forward,5
Navy Day,slow,1
Navy Day,moving,1
Navy Day,stream,1
Navy Day,passage,1
Navy Day,cleared,1
Navy Day,screaming,1
Navy Day,sirens,1
Navy Day,motorcycle,1
Navy Day,policemen,1
Navy Day,wheels,3
Navy Day,official,1
Navy Day,pressed,2
Navy Day,solid,2
Navy Day,wave,1
Navy Day,government,1
Navy Day,workers,1
Navy Day,common,1
Navy Day,citizens,2
Navy Day,capital,1
Navy Day,city,1
Navy Day,trucks,3
Navy Day,radio,3
Navy Day,television,2
Navy Day,services,1
Navy Day,close,2
Navy Day,microphones,1
Navy Day,cameras,1
Navy Day,extended,1
Navy Day,stage,1
Navy Day,set,2
Navy Day,great,2
Navy Day,neat,1
Navy Day,olive,1
Navy Day,drab,1
Navy Day,vehicles,2
Navy Day,curved,1
Navy Day,water's,1
Navy Day,edge,2
Navy Day,jeeps,2
Navy Day,half,1
Navy Day,tracks,1
Navy Day,shouldered,1
Navy Day,weapons,1
Navy Day,carriers,3
Navy Day,bys,1
Navy Day,shrinking,1
Navy Day,insignificance,1
Navy Day,looming,1
Navy Day,patton,1
Navy Day,tanks,3
Navy Day,speakers,1
Navy Day,platform,1
Navy Day,center,1
Navy Day,near,1
Navy Day,precisely,1
Navy Day,stepped,2
Navy Day,scowled,1
Navy Day,crowd,2
Navy Day,settled,1
Navy Day,uncomfortable,1
Navy Day,short,1
Navy Day,consisted,1
Navy Day,amplifications,1
Navy Day,opening,1
Navy Day,statement,1
Navy Day,actions,1
Navy Day,speak,1
Navy Day,louder,1
Navy Day,words,1
Navy Day,pointed,1
Navy Day,truck,3
Navy Day,ton,1
Navy Day,filled,2
Navy Day,infantry,1
Navy Day,squad,1
Navy Day,sitting,1
Navy Day,stiffly,1
Navy Day,attention,1
Navy Day,driver,1
Navy Day,caught,1
Navy Day,signal,1
Navy Day,kicked,1
Navy Day,engine,1
Navy Day,life,1
Navy Day,grind,1
Navy Day,gears,1
Navy Day,moved,2
Navy Day,river's,1
Navy Day,indrawn,1
Navy Day,gasp,1
Navy Day,ground,2
Navy Day,parapet,1
Navy Day,plunging,1
Navy Day,muddy,1
Navy Day,waters,1
Navy Day,potomac,2
Navy Day,touched,1
Navy Day,water,7
Navy Day,surface,6
Navy Day,sink,1
Navy Day,taking,1
Navy Day,strange,1
Navy Day,glassy,1
Navy Day,character,1
Navy Day,roared,1
Navy Day,high,2
Navy Day,gear,2
Navy Day,rode,1
Navy Day,surrounded,1
Navy Day,saucer,1
Navy Day,shaped,1
Navy Day,depression,1
Navy Day,parked,1
Navy Day,yards,1
Navy Day,shore,1
Navy Day,goaded,1
Navy Day,sergeant's,1
Navy Day,bark,1
Navy Day,leapt,1
Navy Day,lined,1
Navy Day,showy,1
Navy Day,present,1
Navy Day,arms,1
Navy Day,returned,1
Navy Day,salute,1
Navy Day,waved,2
Navy Day,remaining,1
Navy Day,series,1
Navy Day,maneuvers,1
Navy Day,indicated,1
Navy Day,number,1
Navy Day,rehearsal,1
Navy Day,hours,1
Navy Day,hidden,1
Navy Day,pond,1
Navy Day,rumbled,1
Navy Day,cut,1
Navy Day,forth,1
Navy Day,lines,1
Navy Day,intricate,1
Navy Day,patterns,1
Navy Day,backed,1
Navy Day,puffing,1
Navy Day,ballerinas,1
Navy Day,rooted,1
Navy Day,hushed,1
Navy Day,eyeballs,1
Navy Day,bulging,1
Navy Day,continued,1
Navy Day,watch,1
Navy Day,amazing,1
Navy Day,display,1
Navy Day,typical,1
Navy Day,example,1
Navy Day,ingenuity,1
Navy Day,developed,1
Navy Day,laboratories,2
Navy Day,motor,2
Navy Day,units,1
Navy Day,supported,1
Navy Day,intensifying,1
Navy Day,tension,1
Navy Day,immediate,1
Navy Day,area,1
Navy Day,weight,1
Navy Day,evenly,1
Navy Day,distributed,1
Navy Day,causing,1
Navy Day,depressions,1
Navy Day,remarkable,2
Navy Day,feat,1
Navy Day,accomplished,1
Navy Day,use,2
Navy Day,dornifier,1
Navy Day,invention,2
Navy Day,named,1
Navy Day,brilliant,1
Navy Day,scientist,1
Navy Day,colonel,1
Navy Day,robert,1
Navy Day,dorn,2
Navy Day,commander,2
Navy Day,brooke,1
Navy Day,point,1
Navy Day,experimental,1
Navy Day,laboratory,1
Navy Day,civilian,1
Navy Day,employees,1
Navy Day,discovered,1
Navy Day,effect,1
Navy Day,colonel's,1
Navy Day,constant,1
Navy Day,guidance,1
Navy Day,course,2
Navy Day,utilizing,1
Navy Day,master,1
Navy Day,sea,4
Navy Day,land,3
Navy Day,convoys,1
Navy Day,blanket,1
Navy Day,world,4
Navy Day,highway,1
Navy Day,park,1
Navy Day,battleground,1
Navy Day,airfield,1
Navy Day,runway,1
Navy Day,planes,1
Navy Day,mechanics,1
Navy Day,pushing,1
Navy Day,shooting,1
Navy Day,star,1
Navy Day,clear,1
Navy Day,flame,1
Navy Day,gushed,1
Navy Day,tail,1
Navy Day,pipe,1
Navy Day,familiar,1
Navy Day,whooshing,1
Navy Day,rumble,1
Navy Day,sped,1
Navy Day,hurled,1
Navy Day,air,2
Navy Day,cheap,1
Navy Day,simple,1
Navy Day,method,1
Navy Day,crossing,1
Navy Day,oceans,1
Navy Day,adopted,1
Navy Day,mean,1
Navy Day,fantastic,1
Navy Day,medieval,1
Navy Day,anachronism,1
Navy Day,need,1
Navy Day,billion,1
Navy Day,dollar,2
Navy Day,aircraft,1
Navy Day,battleships,3
Navy Day,drydocks,1
Navy Day,cumbersome,1
Navy Day,junk,1
Navy Day,keeps,1
Navy Day,boats,2
Navy Day,afloat,1
Navy Day,taxpayer,1
Navy Day,hard,1
Navy Day,earned,1
Navy Day,teeth,1
Navy Day,grated,1
Navy Day,called,2
Navy Day,rest,1
Navy Day,america's,1
Navy Day,lumped,1
Navy Day,casual,1
Navy Day,heading,1
Navy Day,lips,1
Navy Day,curled,1
Navy Day,transparent,1
Navy Day,appeal,1
Navy Day,taxpayer's,1
Navy Day,pocketbook,1
Navy Day,leaden,1
Navy Day,hearts,1
Navy Day,knew,1
Navy Day,justified,1
Navy Day,wrath,1
Navy Day,contempt,1
Navy Day,avail,2
Navy Day,vengeance,1
Navy Day,doom,1
Navy Day,inescapable,1
Navy Day,elaborate,1
Navy Day,plans,1
Navy Day,operation,2
Navy Day,sinker,1
Navy Day,publicity,1
Navy Day,mills,1
Navy Day,coast,2
Navy Day,absorbed,1
Navy Day,news,2
Navy Day,nourishment,1
Navy Day,agnes,1
Navy Day,hear,1
Navy Day,army's,1
Navy Day,gonna,1
Navy Day,trip,1
Navy Day,prize,1
Navy Day,limerick,1
Navy Day,contest,1
Navy Day,mail,2
Navy Day,copy,1
Navy Day,pentagon,2
Navy Day,standing,1
Navy Day,orders,1
Navy Day,burn,1
Navy Day,limericks,1
Navy Day,newer,1
Navy Day,entire,1
Navy Day,big,1
Navy Day,joke,1
Navy Day,bullman,1
Navy Day,mess,1
Navy Day,gravy,1
Navy Day,seagoing,1
Navy Day,scribe,1
Navy Day,added,1
Navy Day,ensigns,1
Navy Day,share,1
Navy Day,newspapers,1
Navy Day,daily,1
Navy Day,photographs,1
Navy Day,mighty,1
Navy Day,landing,1
Navy Day,lake,1
Navy Day,erie,1
Navy Day,grinning,1
Navy Day,making,1
Navy Day,mock,1
Navy Day,beachhead,1
Navy Day,attacks,1
Navy Day,coney,1
Navy Day,island,1
Navy Day,wore,1
Navy Day,buzzing,1
Navy Day,black,1
Navy Day,waist,1
Navy Day,walked,1
Navy Day,bosom,1
Navy Day,quiet,1
Navy Day,atlantic,1
Navy Day,biblical,1
Navy Day,prophet,1
Navy Day,carried,1
Navy Day,thousands,1
Navy Day,releases,1
Navy Day,poured,1
Navy Day,unending,1
Navy Day,flow,1
Navy Day,building,1
Navy Day,cards,1
Navy Day,letters,2
Navy Day,telegrams,1
Navy Day,packages,1
Navy Day,descended,1
Navy Day,washington,1
Navy Day,overwhelming,1
Navy Day,torrent,1
Navy Day,department,2
Navy Day,unhappy,2
Navy Day,recipient,1
Navy Day,deprecatory,1
Navy Day,vast,1
Navy Day,quantity,1
Navy Day,little,1
Navy Day,cardboard,1
Navy Day,people,2
Navy Day,representatives,1
Navy Day,listened,1
Navy Day,closely,1
Navy Day,election,1
Navy Day,year,1
Navy Day,doubt,1
Navy Day,decision,2
Navy Day,particularly,1
Navy Day,reduction,1
Navy Day,budget,1
Navy Day,considered,1
Navy Day,took,1
Navy Day,months,1
Navy Day,collective,1
Navy Day,mind,1
Navy Day,pro,1
Navy Day,novelty,1
Navy Day,idea,1
Navy Day,fired,1
Navy Day,imaginations,1
Navy Day,final,2
Navy Day,vote,2
Navy Day,lower,1
Navy Day,house,1
Navy Day,amendment,1
Navy Day,passed,2
Navy Day,ratification,1
Navy Day,votes,1
Navy Day,certain,1
Navy Day,follow,1
Navy Day,fought,1
Navy Day,ditch,1
Navy Day,battle,1
Navy Day,balloting,1
Navy Day,pretty,1
Navy Day,sure,1
Navy Day,wet,1
Navy Day,soon,1
Navy Day,ancient,1
Navy Day,history,1
Navy Day,reason,1
Navy Day,admirals,1
Navy Day,requested,1
Navy Day,opportunity,1
Navy Day,address,1
Navy Day,patronizingly,1
Navy Day,granted,1
Navy Day,permission,1
Navy Day,doomed,1
Navy Day,allowed,1
Navy Day,recovered,1
Navy Day,choleric,1
Navy Day,attack,3
Navy Day,appointed,1
Navy Day,speaker,1
Navy Day,fighting,1
Navy Day,tradition,1
Navy Day,damn,1
Navy Day,torpedoes,1
Navy Day,sail,2
Navy Day,straight,1
Navy Day,ahead,1
Navy Day,enemy's,1
Navy Day,necessary,1
Navy Day,stabbed,1
Navy Day,suffered,1
Navy Day,second,1
Navy Day,pearl,1
Navy Day,harbor,1
Navy Day,sneak,1
Navy Day,relinquished,1
Navy Day,rights,1
Navy Day,fair,1
Navy Day,treatment,1
Navy Day,counter,1
Navy Day,attacking,2
Navy Day,worn,1
Navy Day,mixed,1
Navy Day,metaphors,1
Navy Day,mopped,1
Navy Day,brow,1
Navy Day,working,1
Navy Day,night,1
Navy Day,perfection,1
Navy Day,device,3
Navy Day,hoped,1
Navy Day,forced,1
Navy Day,having,1
Navy Day,trials,1
Navy Day,days,1
Navy Day,ago,1
Navy Day,significance,1
Navy Day,underestimated,1
Navy Day,positive,1
Navy Day,demanding,1
Navy Day,abolished,1
Navy Day,hand,1
Navy Day,window,1
Navy Day,bellowed,1
Navy Day,word,1
Navy Day,blinked,1
Navy Day,rubbed,1
Navy Day,eyes,1
Navy Day,kept,1
Navy Day,sailing,1
Navy Day,majestically,1
Navy Day,middle,1
Navy Day,constitution,1
Navy Day,avenue,1
Navy Day,battleship,1
Navy Day,missouri,1
Navy Day,voice,1
Navy Day,rang,1
Navy Day,trumpet,1
Navy Day,victory,1
Navy Day,mark,1
Navy Day,debinder,1
Navy Day,temporarily,1
Navy Day,lessens,1
Navy Day,binding,1
Navy Day,energies,1
Navy Day,hold,1
Navy Day,molecules,1
Navy Day,matter,1
Navy Day,solids,1
Navy Day,liquids,1
Navy Day,ship,1
Navy Day,equipped,1
Navy Day,awaits,1
2 B R 0 2 B,perfectly,2
2 B R 0 2 B,swell,1
2 B R 0 2 B,prisons,1
2 B R 0 2 B,slums,1
2 B R 0 2 B,insane,1
2 B R 0 2 B,asylums,1
2 B R 0 2 B,cripples,1
2 B R 0 2 B,poverty,1
2 B R 0 2 B,wars,1
2 B R 0 2 B,diseases,1
2 B R 0 2 B,conquered,1
2 B R 0 2 B,old,10
2 B R 0 2 B,age,3
2 B R 0 2 B,death,2
2 B R 0 2 B,barring,1
2 B R 0 2 B,accidents,1
2 B R 0 2 B,adventure,1
2 B R 0 2 B,volunteers,3
2 B R 0 2 B,population,6
2 B R 0 2 B,united,1
2 B R 0 2 B,states,1
2 B R 0 2 B,stabilized,1
2 B R 0 2 B,million,1
2 B R 0 2 B,souls,1
2 B R 0 2 B,bright,1
2 B R 0 2 B,morning,1
2 B R 0 2 B,chicago,3
2 B R 0 2 B,lying,1
2 B R 0 2 B,hospital,3
2 B R 0 2 B,named,1
2 B R 0 2 B,edward,2
2 B R 0 2 B,wehling,22
2 B R 0 2 B,waited,2
2 B R 0 2 B,wife,2
2 B R 0 2 B,birth,1
2 B R 0 2 B,waiting,5
2 B R 0 2 B,people,13
2 B R 0 2 B,born,5
2 B R 0 2 B,mere,1
2 B R 0 2 B,stripling,1
2 B R 0 2 B,average,1
2 B R 0 2 B,rays,1
2 B R 0 2 B,revealed,1
2 B R 0 2 B,triplets,7
2 B R 0 2 B,children,2
2 B R 0 2 B,young,2
2 B R 0 2 B,hunched,1
2 B R 0 2 B,chair,1
2 B R 0 2 B,head,5
2 B R 0 2 B,hand,2
2 B R 0 2 B,rumpled,1
2 B R 0 2 B,colorless,1
2 B R 0 2 B,virtually,1
2 B R 0 2 B,invisible,2
2 B R 0 2 B,camouflage,1
2 B R 0 2 B,perfect,1
2 B R 0 2 B,disorderly,1
2 B R 0 2 B,demoralized,1
2 B R 0 2 B,air,2
2 B R 0 2 B,chairs,1
2 B R 0 2 B,ashtrays,1
2 B R 0 2 B,moved,3
2 B R 0 2 B,away,1
2 B R 0 2 B,walls,1
2 B R 0 2 B,floor,1
2 B R 0 2 B,paved,1
2 B R 0 2 B,spattered,1
2 B R 0 2 B,dropcloths,2
2 B R 0 2 B,redecorated,2
2 B R 0 2 B,memorial,1
2 B R 0 2 B,volunteered,1
2 B R 0 2 B,die,3
2 B R 0 2 B,sardonic,1
2 B R 0 2 B,years,4
2 B R 0 2 B,sat,2
2 B R 0 2 B,stepladder,2
2 B R 0 2 B,painting,1
2 B R 0 2 B,mural,6
2 B R 0 2 B,did,3
2 B R 0 2 B,days,2
2 B R 0 2 B,aged,1
2 B R 0 2 B,visibly,1
2 B R 0 2 B,guessed,1
2 B R 0 2 B,thirty,1
2 B R 0 2 B,aging,2
2 B R 0 2 B,touched,1
2 B R 0 2 B,cure,1
2 B R 0 2 B,working,1
2 B R 0 2 B,depicted,1
2 B R 0 2 B,neat,1
2 B R 0 2 B,garden,5
2 B R 0 2 B,women,3
2 B R 0 2 B,white,3
2 B R 0 2 B,doctors,1
2 B R 0 2 B,nurses,1
2 B R 0 2 B,turned,1
2 B R 0 2 B,soil,1
2 B R 0 2 B,planted,1
2 B R 0 2 B,seedlings,1
2 B R 0 2 B,sprayed,1
2 B R 0 2 B,bugs,1
2 B R 0 2 B,spread,1
2 B R 0 2 B,fertilizer,1
2 B R 0 2 B,purple,6
2 B R 0 2 B,uniforms,1
2 B R 0 2 B,pulled,1
2 B R 0 2 B,weeds,1
2 B R 0 2 B,cut,1
2 B R 0 2 B,plants,1
2 B R 0 2 B,sickly,1
2 B R 0 2 B,raked,1
2 B R 0 2 B,leaves,1
2 B R 0 2 B,carried,1
2 B R 0 2 B,refuse,1
2 B R 0 2 B,trash,2
2 B R 0 2 B,burners,1
2 B R 0 2 B,medieval,1
2 B R 0 2 B,holland,1
2 B R 0 2 B,japan,1
2 B R 0 2 B,formal,1
2 B R 0 2 B,better,2
2 B R 0 2 B,tended,1
2 B R 0 2 B,plant,1
2 B R 0 2 B,loam,1
2 B R 0 2 B,light,1
2 B R 0 2 B,water,2
2 B R 0 2 B,nourishment,1
2 B R 0 2 B,use,1
2 B R 0 2 B,orderly,11
2 B R 0 2 B,corridor,1
2 B R 0 2 B,singing,1
2 B R 0 2 B,breath,2
2 B R 0 2 B,popular,1
2 B R 0 2 B,song,1
2 B R 0 2 B,kisses,1
2 B R 0 2 B,honey,1
2 B R 0 2 B,here's,1
2 B R 0 2 B,i'll,2
2 B R 0 2 B,girl,1
2 B R 0 2 B,kiss,2
2 B R 0 2 B,sad,1
2 B R 0 2 B,world,3
2 B R 0 2 B,toodle,1
2 B R 0 2 B,want,5
2 B R 0 2 B,lovin,1
2 B R 0 2 B,space,1
2 B R 0 2 B,planet,5
2 B R 0 2 B,let,3
2 B R 0 2 B,sweet,1
2 B R 0 2 B,baby,2
2 B R 0 2 B,place,1
2 B R 0 2 B,muralist,1
2 B R 0 2 B,looks,4
2 B R 0 2 B,real,1
2 B R 0 2 B,practically,1
2 B R 0 2 B,imagine,1
2 B R 0 2 B,standing,1
2 B R 0 2 B,middle,1
2 B R 0 2 B,makes,1
2 B R 0 2 B,painter,14
2 B R 0 2 B,gave,4
2 B R 0 2 B,satiric,1
2 B R 0 2 B,smile,2
2 B R 0 2 B,called,4
2 B R 0 2 B,happy,10
2 B R 0 2 B,life,6
2 B R 0 2 B,know,5
2 B R 0 2 B,good,7
2 B R 0 2 B,hitz,21
2 B R 0 2 B,referring,1
2 B R 0 2 B,male,1
2 B R 0 2 B,figures,2
2 B R 0 2 B,portrait,4
2 B R 0 2 B,benjamin,1
2 B R 0 2 B,hospital's,1
2 B R 0 2 B,chief,1
2 B R 0 2 B,obstetrician,1
2 B R 0 2 B,blindingly,1
2 B R 0 2 B,handsome,1
2 B R 0 2 B,lot,3
2 B R 0 2 B,faces,2
2 B R 0 2 B,meant,1
2 B R 0 2 B,blank,1
2 B R 0 2 B,blanks,1
2 B R 0 2 B,filled,1
2 B R 0 2 B,portraits,1
2 B R 0 2 B,important,1
2 B R 0 2 B,staff,1
2 B R 0 2 B,office,1
2 B R 0 2 B,federal,4
2 B R 0 2 B,bureau,4
2 B R 0 2 B,termination,4
2 B R 0 2 B,nice,1
2 B R 0 2 B,able,1
2 B R 0 2 B,make,2
2 B R 0 2 B,pictures,1
2 B R 0 2 B,painter's,1
2 B R 0 2 B,face,1
2 B R 0 2 B,curdled,1
2 B R 0 2 B,scorn,1
2 B R 0 2 B,proud,1
2 B R 0 2 B,daub,1
2 B R 0 2 B,idea,2
2 B R 0 2 B,what's,2
2 B R 0 2 B,gestured,2
2 B R 0 2 B,foul,1
2 B R 0 2 B,dropcloth,1
2 B R 0 2 B,picture,6
2 B R 0 2 B,frame,1
2 B R 0 2 B,you'll,1
2 B R 0 2 B,damn,1
2 B R 0 2 B,sight,1
2 B R 0 2 B,honest,1
2 B R 0 2 B,gloomy,1
2 B R 0 2 B,duck,1
2 B R 0 2 B,crime,1
2 B R 0 2 B,shrugged,1
2 B R 0 2 B,grandpa,2
2 B R 0 2 B,finished,1
2 B R 0 2 B,trick,1
2 B R 0 2 B,telephone,5
2 B R 0 2 B,number,6
2 B R 0 2 B,live,6
2 B R 0 2 B,supposed,3
2 B R 0 2 B,zero,1
2 B R 0 2 B,pronounced,1
2 B R 0 2 B,naught,1
2 B R 0 2 B,institution,1
2 B R 0 2 B,fanciful,1
2 B R 0 2 B,sobriquets,1
2 B R 0 2 B,included,1
2 B R 0 2 B,automat,1
2 B R 0 2 B,birdland,1
2 B R 0 2 B,cannery,1
2 B R 0 2 B,catbox,4
2 B R 0 2 B,louser,1
2 B R 0 2 B,easy,2
2 B R 0 2 B,mother,2
2 B R 0 2 B,hooligan,3
2 B R 0 2 B,quick,1
2 B R 0 2 B,lucky,1
2 B R 0 2 B,pierre,1
2 B R 0 2 B,sheepdip,2
2 B R 0 2 B,waring,1
2 B R 0 2 B,blendor,1
2 B R 0 2 B,weep,1
2 B R 0 2 B,worry,1
2 B R 0 2 B,municipal,2
2 B R 0 2 B,gas,4
2 B R 0 2 B,chambers,2
2 B R 0 2 B,thumbed,1
2 B R 0 2 B,nose,1
2 B R 0 2 B,decide,2
2 B R 0 2 B,yourselfer,1
2 B R 0 2 B,messy,1
2 B R 0 2 B,business,2
2 B R 0 2 B,little,3
2 B R 0 2 B,consideration,1
2 B R 0 2 B,clean,2
2 B R 0 2 B,expressed,1
2 B R 0 2 B,obscenity,1
2 B R 0 2 B,lack,1
2 B R 0 2 B,concern,1
2 B R 0 2 B,tribulations,1
2 B R 0 2 B,survivors,1
2 B R 0 2 B,deal,1
2 B R 0 2 B,mess,1
2 B R 0 2 B,ask,1
2 B R 0 2 B,laughed,1
2 B R 0 2 B,father,3
2 B R 0 2 B,mumbled,1
2 B R 0 2 B,raising,1
2 B R 0 2 B,fell,2
2 B R 0 2 B,silent,1
2 B R 0 2 B,coarse,1
2 B R 0 2 B,formidable,1
2 B R 0 2 B,woman,3
2 B R 0 2 B,strode,1
2 B R 0 2 B,spike,1
2 B R 0 2 B,heels,1
2 B R 0 2 B,shoes,2
2 B R 0 2 B,stockings,1
2 B R 0 2 B,trench,1
2 B R 0 2 B,coat,1
2 B R 0 2 B,bag,2
2 B R 0 2 B,overseas,1
2 B R 0 2 B,cap,1
2 B R 0 2 B,color,1
2 B R 0 2 B,grapes,1
2 B R 0 2 B,judgment,1
2 B R 0 2 B,medallion,1
2 B R 0 2 B,musette,1
2 B R 0 2 B,seal,1
2 B R 0 2 B,service,2
2 B R 0 2 B,division,1
2 B R 0 2 B,eagle,1
2 B R 0 2 B,perched,1
2 B R 0 2 B,turnstile,1
2 B R 0 2 B,facial,1
2 B R 0 2 B,hair,1
2 B R 0 2 B,unmistakable,1
2 B R 0 2 B,mustache,1
2 B R 0 2 B,fact,1
2 B R 0 2 B,curious,1
2 B R 0 2 B,chamber,2
2 B R 0 2 B,hostesses,1
2 B R 0 2 B,matter,1
2 B R 0 2 B,lovely,1
2 B R 0 2 B,feminine,1
2 B R 0 2 B,recruited,1
2 B R 0 2 B,sprouted,1
2 B R 0 2 B,mustaches,1
2 B R 0 2 B,depend,1
2 B R 0 2 B,pose,1
2 B R 0 2 B,name's,1
2 B R 0 2 B,leora,7
2 B R 0 2 B,duncan,12
2 B R 0 2 B,dunk,1
2 B R 0 2 B,skip,1
2 B R 0 2 B,sure,2
2 B R 0 2 B,beautiful,1
2 B R 0 2 B,just,5
2 B R 0 2 B,heaven,1
2 B R 0 2 B,took,2
2 B R 0 2 B,list,2
2 B R 0 2 B,names,1
2 B R 0 2 B,smock,1
2 B R 0 2 B,pocket,1
2 B R 0 2 B,scanning,1
2 B R 0 2 B,yes,1
2 B R 0 2 B,entitled,1
2 B R 0 2 B,immortalized,1
2 B R 0 2 B,faceless,2
2 B R 0 2 B,body,3
2 B R 0 2 B,you'd,1
2 B R 0 2 B,stick,1
2 B R 0 2 B,we've,2
2 B R 0 2 B,got,2
2 B R 0 2 B,choice,1
2 B R 0 2 B,ones,1
2 B R 0 2 B,studied,1
2 B R 0 2 B,bleakly,1
2 B R 0 2 B,gee,1
2 B R 0 2 B,art,3
2 B R 0 2 B,body's,1
2 B R 0 2 B,righty,1
2 B R 0 2 B,master,1
2 B R 0 2 B,fine,2
2 B R 0 2 B,recommend,1
2 B R 0 2 B,indicated,1
2 B R 0 2 B,figure,2
2 B R 0 2 B,carrying,1
2 B R 0 2 B,dried,1
2 B R 0 2 B,stalks,1
2 B R 0 2 B,burner,1
2 B R 0 2 B,disposal,1
2 B R 0 2 B,mean,1
2 B R 0 2 B,disposing,1
2 B R 0 2 B,clapped,1
2 B R 0 2 B,hands,2
2 B R 0 2 B,mock,1
2 B R 0 2 B,delight,1
2 B R 0 2 B,prove,1
2 B R 0 2 B,course,2
2 B R 0 2 B,sheave,1
2 B R 0 2 B,carrier,1
2 B R 0 2 B,wrong,2
2 B R 0 2 B,hostess,3
2 B R 0 2 B,snipper,1
2 B R 0 2 B,pruner,1
2 B R 0 2 B,line,1
2 B R 0 2 B,pointed,1
2 B R 0 2 B,sawing,2
2 B R 0 2 B,dead,2
2 B R 0 2 B,branch,1
2 B R 0 2 B,apple,1
2 B R 0 2 B,tree,1
2 B R 0 2 B,gosh,1
2 B R 0 2 B,blushed,1
2 B R 0 2 B,humble,1
2 B R 0 2 B,puts,1
2 B R 0 2 B,upsets,1
2 B R 0 2 B,gravy,1
2 B R 0 2 B,honor,1
2 B R 0 2 B,admire,3
2 B R 0 2 B,doesn't,2
2 B R 0 2 B,worshiping,1
2 B R 0 2 B,tanned,1
2 B R 0 2 B,haired,1
2 B R 0 2 B,omnipotent,1
2 B R 0 2 B,zeus,1
2 B R 0 2 B,responsible,1
2 B R 0 2 B,setting,1
2 B R 0 2 B,limb,1
2 B R 0 2 B,strikes,1
2 B R 0 2 B,appropriate,1
2 B R 0 2 B,kind,1
2 B R 0 2 B,demure,1
2 B R 0 2 B,comfortable,1
2 B R 0 2 B,killed,1
2 B R 0 2 B,posing,1
2 B R 0 2 B,waitingroom,1
2 B R 0 2 B,bounded,1
2 B R 0 2 B,seven,1
2 B R 0 2 B,feet,1
2 B R 0 2 B,tall,1
2 B R 0 2 B,boomed,1
2 B R 0 2 B,importance,1
2 B R 0 2 B,accomplishments,1
2 B R 0 2 B,joy,1
2 B R 0 2 B,living,1
2 B R 0 2 B,joke,1
2 B R 0 2 B,doing,1
2 B R 0 2 B,leave,1
2 B R 0 2 B,shyly,1
2 B R 0 2 B,heartily,1
2 B R 0 2 B,honored,2
2 B R 0 2 B,wonderful,1
2 B R 0 2 B,possible,3
2 B R 0 2 B,saluted,1
2 B R 0 2 B,door,1
2 B R 0 2 B,led,1
2 B R 0 2 B,delivery,1
2 B R 0 2 B,rooms,1
2 B R 0 2 B,guess,1
2 B R 0 2 B,exclaiming,1
2 B R 0 2 B,legal,1
2 B R 0 2 B,implications,1
2 B R 0 2 B,law,2
2 B R 0 2 B,newborn,1
2 B R 0 2 B,child,3
2 B R 0 2 B,survive,1
2 B R 0 2 B,unless,2
2 B R 0 2 B,parents,2
2 B R 0 2 B,volunteer,1
2 B R 0 2 B,heard,2
2 B R 0 2 B,trying,1
2 B R 0 2 B,scrape,1
2 B R 0 2 B,appointments,1
2 B R 0 2 B,singles,1
2 B R 0 2 B,today,1
2 B R 0 2 B,somebody,1
2 B R 0 2 B,sitting,1
2 B R 0 2 B,red,1
2 B R 0 2 B,eyed,1
2 B R 0 2 B,frowzy,1
2 B R 0 2 B,raised,1
2 B R 0 2 B,spot,2
2 B R 0 2 B,wall,2
2 B R 0 2 B,hoarsely,1
2 B R 0 2 B,wretched,1
2 B R 0 2 B,chuckle,1
2 B R 0 2 B,present,1
2 B R 0 2 B,phoned,1
2 B R 0 2 B,way,1
2 B R 0 2 B,hooray,1
2 B R 0 2 B,emptily,1
2 B R 0 2 B,sound,1
2 B R 0 2 B,symbolize,1
2 B R 0 2 B,care,1
2 B R 0 2 B,free,1
2 B R 0 2 B,simplicity,1
2 B R 0 2 B,pick,1
2 B R 0 2 B,deliver,1
2 B R 0 2 B,maternal,1
2 B R 0 2 B,grandfather,2
2 B R 0 2 B,receipt,1
2 B R 0 2 B,severe,1
2 B R 0 2 B,towered,1
2 B R 0 2 B,believe,1
2 B R 0 2 B,control,3
2 B R 0 2 B,keen,1
2 B R 0 2 B,tautly,1
2 B R 0 2 B,earth,1
2 B R 0 2 B,billion,4
2 B R 0 2 B,eighty,1
2 B R 0 2 B,drupelet,2
2 B R 0 2 B,nope,1
2 B R 0 2 B,sulkily,1
2 B R 0 2 B,knobs,1
2 B R 0 2 B,pulpy,1
2 B R 0 2 B,grains,1
2 B R 0 2 B,blackberry,2
2 B R 0 2 B,human,2
2 B R 0 2 B,beings,1
2 B R 0 2 B,packed,1
2 B R 0 2 B,surface,1
2 B R 0 2 B,drupelets,1
2 B R 0 2 B,continued,1
2 B R 0 2 B,stare,1
2 B R 0 2 B,year,1
2 B R 0 2 B,scientists,1
2 B R 0 2 B,stepped,1
2 B R 0 2 B,laid,1
2 B R 0 2 B,drinking,1
2 B R 0 2 B,eat,1
2 B R 0 2 B,sea,1
2 B R 0 2 B,weed,1
2 B R 0 2 B,insisted,1
2 B R 0 2 B,reproduce,1
2 B R 0 2 B,jackrabbits,1
2 B R 0 2 B,forever,2
2 B R 0 2 B,kids,1
2 B R 0 2 B,quietly,1
2 B R 0 2 B,nobody's,1
2 B R 0 2 B,taking,1
2 B R 0 2 B,close,1
2 B R 0 2 B,relative,1
2 B R 0 2 B,gently,1
2 B R 0 2 B,sympathetically,1
2 B R 0 2 B,wish,2
2 B R 0 2 B,gives,1
2 B R 0 2 B,impression,1
2 B R 0 2 B,absolutely,1
2 B R 0 2 B,forgive,1
2 B R 0 2 B,corrected,1
2 B R 0 2 B,official,1
2 B R 0 2 B,title,2
2 B R 0 2 B,used,1
2 B R 0 2 B,conversation,1
2 B R 0 2 B,ethical,1
2 B R 0 2 B,suicide,1
2 B R 0 2 B,studios,1
2 B R 0 2 B,sounds,1
2 B R 0 2 B,whichever,1
2 B R 0 2 B,roomy,1
2 B R 0 2 B,rich,1
2 B R 0 2 B,thanks,5
2 B R 0 2 B,shook,1
2 B R 0 2 B,centuries,2
2 B R 0 2 B,ago,1
2 B R 0 2 B,hell,1
2 B R 0 2 B,peace,1
2 B R 0 2 B,plenty,1
2 B R 0 2 B,stretch,1
2 B R 0 2 B,far,1
2 B R 0 2 B,imagination,1
2 B R 0 2 B,cares,1
2 B R 0 2 B,travel,1
2 B R 0 2 B,smiled,1
2 B R 0 2 B,luminously,1
2 B R 0 2 B,faded,1
2 B R 0 2 B,saw,2
2 B R 0 2 B,drawn,1
2 B R 0 2 B,revolver,1
2 B R 0 2 B,shot,3
2 B R 0 2 B,great,1
2 B R 0 2 B,big,1
2 B R 0 2 B,making,1
2 B R 0 2 B,running,1
2 B R 0 2 B,seemingly,1
2 B R 0 2 B,shots,1
2 B R 0 2 B,reflectively,1
2 B R 0 2 B,sorry,1
2 B R 0 2 B,scene,1
2 B R 0 2 B,pondered,1
2 B R 0 2 B,mournful,1
2 B R 0 2 B,puzzle,1
2 B R 0 2 B,demanding,2
2 B R 0 2 B,fruitful,1
2 B R 0 2 B,multiply,1
2 B R 0 2 B,long,1
2 B R 0 2 B,small,1
2 B R 0 2 B,answers,1
2 B R 0 2 B,grim,1
2 B R 0 2 B,grimmer,1
2 B R 0 2 B,surely,1
2 B R 0 2 B,war,1
2 B R 0 2 B,plague,1
2 B R 0 2 B,starvation,1
2 B R 0 2 B,knew,1
2 B R 0 2 B,paint,1
2 B R 0 2 B,paintbrush,1
2 B R 0 2 B,fall,1
2 B R 0 2 B,decided,1
2 B R 0 2 B,slowly,1
2 B R 0 2 B,ladder,1
2 B R 0 2 B,wehling's,1
2 B R 0 2 B,pistol,1
2 B R 0 2 B,intending,1
2 B R 0 2 B,shoot,1
2 B R 0 2 B,nerve,1
2 B R 0 2 B,booth,1
2 B R 0 2 B,corner,1
2 B R 0 2 B,dialed,1
2 B R 0 2 B,remembered,1
2 B R 0 2 B,warm,1
2 B R 0 2 B,voice,1
2 B R 0 2 B,soon,1
2 B R 0 2 B,appointment,1
2 B R 0 2 B,speaking,1
2 B R 0 2 B,carefully,1
2 B R 0 2 B,probably,1
2 B R 0 2 B,fit,2
2 B R 0 2 B,late,1
2 B R 0 2 B,afternoon,1
2 B R 0 2 B,sir,2
2 B R 0 2 B,earlier,1
2 B R 0 2 B,cancellation,1
2 B R 0 2 B,spelling,1
2 B R 0 2 B,thank,1
2 B R 0 2 B,city,1
2 B R 0 2 B,country,1
2 B R 0 2 B,deepest,1
2 B R 0 2 B,future,1
2 B R 0 2 B,generations,1
